DROP TABLE agents CASCADE CONSTRAINTS; 

CREATE TABLE agents (
  AGENT_CODE varchar2(6) NOT NULL,
  AGENT_NAME varchar2(40) NOT NULL,
  WORKING_AREA varchar2(35),
  COMMISSION number(8,2),
  PHONE_NO varchar2(15),
  COUNTRY varchar2(25),
  CONSTRAINT agents_pk PRIMARY KEY (AGENT_CODE)
) ;

--
-- Dumping data for table `agents`
--

INSERT INTO agents (AGENT_CODE, AGENT_NAME, WORKING_AREA, COMMISSION, PHONE_NO, COUNTRY) VALUES
('A007', 'Ramasundar', 'Bangalore', '0.15', '077-25814763', '\r');
INSERT INTO agents (AGENT_CODE, AGENT_NAME, WORKING_AREA, COMMISSION, PHONE_NO, COUNTRY) VALUES
('A003', 'Alex', 'London', '0.13', '075-12458969', '\r');
INSERT INTO agents (AGENT_CODE, AGENT_NAME, WORKING_AREA, COMMISSION, PHONE_NO, COUNTRY) VALUES
('A008', 'Alford', 'New York', '0.12', '044-25874365', '\r');
INSERT INTO agents (AGENT_CODE, AGENT_NAME, WORKING_AREA, COMMISSION, PHONE_NO, COUNTRY) VALUES
('A011', 'Ravi Kumar', 'Bangalore', '0.15', '077-45625874', '\r');
INSERT INTO agents (AGENT_CODE, AGENT_NAME, WORKING_AREA, COMMISSION, PHONE_NO, COUNTRY) VALUES
('A010', 'Santakumar', 'Chennai', '0.14', '007-22388644', '\r');
INSERT INTO agents (AGENT_CODE, AGENT_NAME, WORKING_AREA, COMMISSION, PHONE_NO, COUNTRY) VALUES
('A012', 'Lucida', 'San Jose', '0.12', '044-52981425', '\r');
INSERT INTO agents (AGENT_CODE, AGENT_NAME, WORKING_AREA, COMMISSION, PHONE_NO, COUNTRY) VALUES
('A005', 'Anderson', 'Brisban', '0.13', '045-21447739', '\r');
INSERT INTO agents (AGENT_CODE, AGENT_NAME, WORKING_AREA, COMMISSION, PHONE_NO, COUNTRY) VALUES
('A001', 'Subbarao', 'Bangalore', '0.14', '077-12346674', '\r');
INSERT INTO agents (AGENT_CODE, AGENT_NAME, WORKING_AREA, COMMISSION, PHONE_NO, COUNTRY) VALUES
('A002', 'Mukesh', 'Mumbai', '0.11', '029-12358964', '\r');
INSERT INTO agents (AGENT_CODE, AGENT_NAME, WORKING_AREA, COMMISSION, PHONE_NO, COUNTRY) VALUES
('A006', 'McDen', 'London', '0.15', '078-22255588', '\r');
INSERT INTO agents (AGENT_CODE, AGENT_NAME, WORKING_AREA, COMMISSION, PHONE_NO, COUNTRY) VALUES
('A004', 'Ivan', 'Torento', '0.15', '008-22544166', '\r');
INSERT INTO agents (AGENT_CODE, AGENT_NAME, WORKING_AREA, COMMISSION, PHONE_NO, COUNTRY) VALUES
('A009', 'Benjamin', 'Hampshair', '0.11', '008-22536178', '\r');

-- --------------------------------------------------------

--
-- Table structure for table `company`
--

CREATE TABLE agents_companies (
  COMPANY_ID varchar2(6) NOT NULL ,
  COMPANY_NAME varchar2(25),
  COMPANY_CITY varchar2(25),
  constraint agents_companies_pk PRIMARY KEY (COMPANY_ID)
) ;

--
-- Dumping data for table `company`
--

INSERT INTO agents_companies (COMPANY_ID, COMPANY_NAME, COMPANY_CITY) VALUES (18, 'Order All', 'Boston');
INSERT INTO agents_companies(COMPANY_ID, COMPANY_NAME, COMPANY_CITY) VALUES  (15, 'Jack Hill Ltd', 'London');
INSERT INTO agents_companies(COMPANY_ID, COMPANY_NAME, COMPANY_CITY) VALUES  (16, 'Akas Foods', 'Delhi');
INSERT INTO agents_companies (COMPANY_ID, COMPANY_NAME, COMPANY_CITY) VALUES (17, 'Foodies.', 'London');
INSERT INTO agents_companies (COMPANY_ID, COMPANY_NAME, COMPANY_CITY) VALUES  (19, 'sip-n-Bite.', 'New York');

-- --------------------------------------------------------

--
-- DROP TABLE customers_info; 

CREATE TABLE customers_info (
  CUST_CODE varchar2(6) NOT NULL,
  CUST_NAME varchar2(40) NOT NULL,
  CUST_CITY varchar2(35) ,
  WORKING_AREA varchar2(35) NOT NULL,
  CUST_COUNTRY varchar2(20) NOT NULL,
  GRADE number(10,0),
  OPENING_AMT number(12,2) NOT NULL,
  RECEIVE_AMT number(12,2) NOT NULL,
  PAYMENT_AMT number(12,2) NOT NULL,
  OUTSTANDING_AMT number(12,2) NOT NULL,
  PHONE_NO varchar2(17) NOT NULL,
  AGENT_CODE varchar2(6), 
  CONSTRAINT customers_info_pk PRIMARY KEY (CUST_CODE),
  CONSTRAINT customers_info_agents_fk FOREIGN KEY (AGENT_CODE) REFERENCES agents (AGENT_CODE)
);

--
-- Dumping data for table `customer`
--

INSERT INTO customers_info ( CUST_CODE, CUST_NAME, CUST_CITY, WORKING_AREA, CUST_COUNTRY, GRADE, OPENING_AMT, RECEIVE_AMT, PAYMENT_AMT, OUTSTANDING_AMT, PHONE_NO, AGENT_CODE) VALUES
('C00013', 'Holmes', 'London', 'London', 'UK', 2, '6000.00', '5000.00', '7000.00', '4000.00', 'BBBBBBB', 'A003  ');
INSERT INTO customers_info ( CUST_CODE, CUST_NAME, CUST_CITY, WORKING_AREA, CUST_COUNTRY, GRADE, OPENING_AMT, RECEIVE_AMT, PAYMENT_AMT, OUTSTANDING_AMT, PHONE_NO, AGENT_CODE) VALUES
('C00001', 'Micheal', 'New York', 'New York', 'USA', 2, '3000.00', '5000.00', '2000.00', '6000.00', 'CCCCCCC', 'A008  ');
INSERT INTO customers_info ( CUST_CODE, CUST_NAME, CUST_CITY, WORKING_AREA, CUST_COUNTRY, GRADE, OPENING_AMT, RECEIVE_AMT, PAYMENT_AMT, OUTSTANDING_AMT, PHONE_NO, AGENT_CODE) VALUES
('C00020', 'Albert', 'New York', 'New York', 'USA', 3, '5000.00', '7000.00', '6000.00', '6000.00', 'BBBBSBB', 'A008  ');
INSERT INTO customers_info ( CUST_CODE, CUST_NAME, CUST_CITY, WORKING_AREA, CUST_COUNTRY, GRADE, OPENING_AMT, RECEIVE_AMT, PAYMENT_AMT, OUTSTANDING_AMT, PHONE_NO, AGENT_CODE) VALUES
('C00025', 'Ravindran', 'Bangalore', 'Bangalore', 'India', 2, '5000.00', '7000.00', '4000.00', '8000.00', 'AVAVAVA', 'A011  ');
INSERT INTO customers_info ( CUST_CODE, CUST_NAME, CUST_CITY, WORKING_AREA, CUST_COUNTRY, GRADE, OPENING_AMT, RECEIVE_AMT, PAYMENT_AMT, OUTSTANDING_AMT, PHONE_NO, AGENT_CODE) VALUES
('C00024', 'Cook', 'London', 'London', 'UK', 2, '4000.00', '9000.00', '7000.00', '6000.00', 'FSDDSDF', 'A006  ');
INSERT INTO customers_info ( CUST_CODE, CUST_NAME, CUST_CITY, WORKING_AREA, CUST_COUNTRY, GRADE, OPENING_AMT, RECEIVE_AMT, PAYMENT_AMT, OUTSTANDING_AMT, PHONE_NO, AGENT_CODE) VALUES
('C00015', 'Stuart', 'London', 'London', 'UK', 1, '6000.00', '8000.00', '3000.00', '11000.00', 'GFSGERS', 'A003  ');
INSERT INTO customers_info ( CUST_CODE, CUST_NAME, CUST_CITY, WORKING_AREA, CUST_COUNTRY, GRADE, OPENING_AMT, RECEIVE_AMT, PAYMENT_AMT, OUTSTANDING_AMT, PHONE_NO, AGENT_CODE) VALUES
('C00002', 'Bolt', 'New York', 'New York', 'USA', 3, '5000.00', '7000.00', '9000.00', '3000.00', 'DDNRDRH', 'A008  ');
INSERT INTO customers_info ( CUST_CODE, CUST_NAME, CUST_CITY, WORKING_AREA, CUST_COUNTRY, GRADE, OPENING_AMT, RECEIVE_AMT, PAYMENT_AMT, OUTSTANDING_AMT, PHONE_NO, AGENT_CODE) VALUES
('C00018', 'Fleming', 'Brisban', 'Brisban', 'Australia', 2, '7000.00', '7000.00', '9000.00', '5000.00', 'NHBGVFC', 'A005  ');
INSERT INTO customers_info ( CUST_CODE, CUST_NAME, CUST_CITY, WORKING_AREA, CUST_COUNTRY, GRADE, OPENING_AMT, RECEIVE_AMT, PAYMENT_AMT, OUTSTANDING_AMT, PHONE_NO, AGENT_CODE) VALUES
('C00021', 'Jacks', 'Brisban', 'Brisban', 'Australia', 1, '7000.00', '7000.00', '7000.00', '7000.00', 'WERTGDF', 'A005  ');
INSERT INTO customers_info ( CUST_CODE, CUST_NAME, CUST_CITY, WORKING_AREA, CUST_COUNTRY, GRADE, OPENING_AMT, RECEIVE_AMT, PAYMENT_AMT, OUTSTANDING_AMT, PHONE_NO, AGENT_CODE) VALUES
('C00019', 'Yearannaidu', 'Chennai', 'Chennai', 'India', 1, '8000.00', '7000.00', '7000.00', '8000.00', 'ZZZZBFV', 'A010  ');
INSERT INTO customers_info ( CUST_CODE, CUST_NAME, CUST_CITY, WORKING_AREA, CUST_COUNTRY, GRADE, OPENING_AMT, RECEIVE_AMT, PAYMENT_AMT, OUTSTANDING_AMT, PHONE_NO, AGENT_CODE) VALUES
('C00005', 'Sasikant', 'Mumbai', 'Mumbai', 'India', 1, '7000.00', '11000.00', '7000.00', '11000.00', '147-25896312', 'A002  ');
INSERT INTO customers_info ( CUST_CODE, CUST_NAME, CUST_CITY, WORKING_AREA, CUST_COUNTRY, GRADE, OPENING_AMT, RECEIVE_AMT, PAYMENT_AMT, OUTSTANDING_AMT, PHONE_NO, AGENT_CODE) VALUES
('C00007', 'Ramanathan', 'Chennai', 'Chennai', 'India', 1, '7000.00', '11000.00', '9000.00', '9000.00', 'GHRDWSD', 'A010  ');
INSERT INTO customers_info ( CUST_CODE, CUST_NAME, CUST_CITY, WORKING_AREA, CUST_COUNTRY, GRADE, OPENING_AMT, RECEIVE_AMT, PAYMENT_AMT, OUTSTANDING_AMT, PHONE_NO, AGENT_CODE) VALUES
('C00022', 'Avinash', 'Mumbai', 'Mumbai', 'India', 2, '7000.00', '11000.00', '9000.00', '9000.00', '113-12345678', 'A002  ');
INSERT INTO customers_info ( CUST_CODE, CUST_NAME, CUST_CITY, WORKING_AREA, CUST_COUNTRY, GRADE, OPENING_AMT, RECEIVE_AMT, PAYMENT_AMT, OUTSTANDING_AMT, PHONE_NO, AGENT_CODE) VALUES
('C00004', 'Winston', 'Brisban', 'Brisban', 'Australia', 1, '5000.00', '8000.00', '7000.00', '6000.00', 'AAAAAAA', 'A005  ');
INSERT INTO customers_info ( CUST_CODE, CUST_NAME, CUST_CITY, WORKING_AREA, CUST_COUNTRY, GRADE, OPENING_AMT, RECEIVE_AMT, PAYMENT_AMT, OUTSTANDING_AMT, PHONE_NO, AGENT_CODE) VALUES
('C00023', 'Karl', 'London', 'London', 'UK', 0, '4000.00', '6000.00', '7000.00', '3000.00', 'AAAABAA', 'A006  ');
INSERT INTO customers_info ( CUST_CODE, CUST_NAME, CUST_CITY, WORKING_AREA, CUST_COUNTRY, GRADE, OPENING_AMT, RECEIVE_AMT, PAYMENT_AMT, OUTSTANDING_AMT, PHONE_NO, AGENT_CODE) VALUES
('C00006', 'Shilton', 'Torento', 'Torento', 'Canada', 1, '10000.00', '7000.00', '6000.00', '11000.00', 'DDDDDDD', 'A004  ');
INSERT INTO customers_info ( CUST_CODE, CUST_NAME, CUST_CITY, WORKING_AREA, CUST_COUNTRY, GRADE, OPENING_AMT, RECEIVE_AMT, PAYMENT_AMT, OUTSTANDING_AMT, PHONE_NO, AGENT_CODE) VALUES
('C00010', 'Charles', 'Hampshair', 'Hampshair', 'UK', 3, '6000.00', '4000.00', '5000.00', '5000.00', 'MMMMMMM', 'A009  ');
INSERT INTO customers_info ( CUST_CODE, CUST_NAME, CUST_CITY, WORKING_AREA, CUST_COUNTRY, GRADE, OPENING_AMT, RECEIVE_AMT, PAYMENT_AMT, OUTSTANDING_AMT, PHONE_NO, AGENT_CODE) VALUES
('C00017', 'Srinivas', 'Bangalore', 'Bangalore', 'India', 2, '8000.00', '4000.00', '3000.00', '9000.00', 'AAAAAAB', 'A007  ');
INSERT INTO customers_info ( CUST_CODE, CUST_NAME, CUST_CITY, WORKING_AREA, CUST_COUNTRY, GRADE, OPENING_AMT, RECEIVE_AMT, PAYMENT_AMT, OUTSTANDING_AMT, PHONE_NO, AGENT_CODE) VALUES
('C00012', 'Steven', 'San Jose', 'San Jose', 'USA', 1, '5000.00', '7000.00', '9000.00', '3000.00', 'KRFYGJK', 'A012  ');
INSERT INTO customers_info ( CUST_CODE, CUST_NAME, CUST_CITY, WORKING_AREA, CUST_COUNTRY, GRADE, OPENING_AMT, RECEIVE_AMT, PAYMENT_AMT, OUTSTANDING_AMT, PHONE_NO, AGENT_CODE) VALUES
('C00008', 'Karolina', 'Torento', 'Torento', 'Canada', 1, '7000.00', '7000.00', '9000.00', '5000.00', 'HJKORED', 'A004  ');
INSERT INTO customers_info ( CUST_CODE, CUST_NAME, CUST_CITY, WORKING_AREA, CUST_COUNTRY, GRADE, OPENING_AMT, RECEIVE_AMT, PAYMENT_AMT, OUTSTANDING_AMT, PHONE_NO, AGENT_CODE) VALUES
('C00003', 'Martin', 'Torento', 'Torento', 'Canada', 2, '8000.00', '7000.00', '7000.00', '8000.00', 'MJYURFD', 'A004  ');
INSERT INTO customers_info ( CUST_CODE, CUST_NAME, CUST_CITY, WORKING_AREA, CUST_COUNTRY, GRADE, OPENING_AMT, RECEIVE_AMT, PAYMENT_AMT, OUTSTANDING_AMT, PHONE_NO, AGENT_CODE) VALUES
('C00009', 'Ramesh', 'Mumbai', 'Mumbai', 'India', 3, '8000.00', '7000.00', '3000.00', '12000.00', 'Phone No', 'A002  ');
INSERT INTO customers_info ( CUST_CODE, CUST_NAME, CUST_CITY, WORKING_AREA, CUST_COUNTRY, GRADE, OPENING_AMT, RECEIVE_AMT, PAYMENT_AMT, OUTSTANDING_AMT, PHONE_NO, AGENT_CODE) VALUES
('C00014', 'Rangarappa', 'Bangalore', 'Bangalore', 'India', 2, '8000.00', '11000.00', '7000.00', '12000.00', 'AAAATGF', 'A001  ');
INSERT INTO customers_info ( CUST_CODE, CUST_NAME, CUST_CITY, WORKING_AREA, CUST_COUNTRY, GRADE, OPENING_AMT, RECEIVE_AMT, PAYMENT_AMT, OUTSTANDING_AMT, PHONE_NO, AGENT_CODE) VALUES
('C00016', 'Venkatpati', 'Bangalore', 'Bangalore', 'India', 2, '8000.00', '11000.00', '7000.00', '12000.00', 'JRTVFDD', 'A007  ');
INSERT INTO customers_info ( CUST_CODE, CUST_NAME, CUST_CITY, WORKING_AREA, CUST_COUNTRY, GRADE, OPENING_AMT, RECEIVE_AMT, PAYMENT_AMT, OUTSTANDING_AMT, PHONE_NO, AGENT_CODE) VALUES
('C00011', 'Sundariya', 'Chennai', 'Chennai', 'India', 3, '7000.00', '11000.00', '7000.00', '11000.00', 'PPHGRTS', 'A010  ');

-- --------------------------------------------------------

--
-- Table structure for table `daysorder`
-- DROP TABLE my_orders;

CREATE TABLE my_orders (
  MYORD_NUM number(6,0) NOT NULL,
  MYORD_AMOUNT number(12,2) NOT NULL,
  ADVANCE_AMOUNT number(12,2) NOT NULL,
  MYORD_DATE date NOT NULL,
  CUST_CODE varchar2(6) NOT NULL,
  AGENT_CODE varchar2(6) NOT NULL,
  ORD_DESCRIPTION varchar2(60) NOT NULL,
  CONSTRAINT my_order_pk PRIMARY KEY (myord_num),
  CONSTRAINT my_orders_CUS_FK FOREIGN KEY (CUST_CODE) REFERENCES customers_info (CUST_CODE),
  CONSTRAINT my_orders_AGENT_FK FOREIGN KEY (AGENT_CODE) REFERENCES agents (AGENT_CODE)
) ;

--
-- Dumping data for table `daysorder`
--

INSERT INTO my_orders (MYORD_NUM, MYORD_AMOUNT, ADVANCE_AMOUNT, MYORD_DATE, CUST_CODE, AGENT_CODE, ORD_DESCRIPTION) VALUES('200107', '4500.00', '900.00', TO_DATE('2012/07/09', 'yyyy/mm/dd'), 'C00007', 'A010', 'SOD');
INSERT INTO my_orders (MYORD_NUM, MYORD_AMOUNT, ADVANCE_AMOUNT, MYORD_DATE, CUST_CODE, AGENT_CODE, ORD_DESCRIPTION) VALUES('200114', '3500.00', '1500.00', TO_DATE('2019/01/15','yyyy/mm/dd'), 'C00002', 'A008', 'SOD');
INSERT INTO my_orders (MYORD_NUM, MYORD_AMOUNT, ADVANCE_AMOUNT, MYORD_DATE, CUST_CODE, AGENT_CODE, ORD_DESCRIPTION) VALUES('200134', '4200.00', '1800.00', TO_DATE('2008/09/25', 'yyyy/mm/dd'),'C00004', 'A005', 'SOD');
INSERT INTO my_orders (MYORD_NUM, MYORD_AMOUNT, ADVANCE_AMOUNT, MYORD_DATE, CUST_CODE, AGENT_CODE, ORD_DESCRIPTION) VALUES('200115', '2000.00', '1200.00', TO_DATE('2018/02/08', 'yyyy/mm/dd'),'C00013', 'A013', 'SOD');
INSERT INTO my_orders (MYORD_NUM, MYORD_AMOUNT, ADVANCE_AMOUNT, MYORD_DATE, CUST_CODE, AGENT_CODE, ORD_DESCRIPTION) VALUES('200101', '3000.00', '1000.00', TO_DATE('2017/07/15', 'yyyy/mm/dd'),'C00001', 'A008', 'SOD');
INSERT INTO my_orders (MYORD_NUM, MYORD_AMOUNT, ADVANCE_AMOUNT, MYORD_DATE, CUST_CODE, AGENT_CODE, ORD_DESCRIPTION) VALUES('200128', '3500.00', '1500.00', TO_DATE('2018/07/20', 'yyyy/mm/dd'),'C00009', 'A002', 'SOD');
INSERT INTO my_orders (MYORD_NUM, MYORD_AMOUNT, ADVANCE_AMOUNT, MYORD_DATE, CUST_CODE, AGENT_CODE, ORD_DESCRIPTION) VALUES('200132', '4000.00', '1500.00', TO_DATE('2018/08/15','yyyy/mm/dd'), 'C00013', 'A013', 'SOD');

-- --------------------------------------------------------

--
-- Table structure for table `despatch`
-- DROP TABLE deliveries CASCADE CONSTRAINTS ;

CREATE TABLE deliveries (
  DEL_NUM varchar2(7) NOT NULL,
  DEL_DATE date,
  DEL_COST number(7,2),
  MYORD_NUM number(6,0) NOT NULL,
  AGENT_CODE varchar2(6) NOT NULL,
  CUST_CODE varchar2(6) NOT NULL,
  CONSTRAINT fk_delivery_cus FOREIGN KEY (CUST_CODE) REFERENCES CUSTOMERS_INFO(CUST_CODE),
  CONSTRAINT fk_delivery_MYORD FOREIGN KEY (MYORD_NUM) REFERENCES my_orders(MYORD_NUM),
  CONSTRAINT fk_delivery_agent FOREIGN KEY (AGENT_CODE) REFERENCES agents(agent_code),
  CONSTRAINT deliveries_pk PRIMARY KEY (DEL_NUM)
) ;

INSERT INTO deliveries (DEL_NUM, DEL_DATE ,DEL_COST , MYORD_NUM ,AGENT_CODE ,CUST_CODE) VALUES ('D00113',TO_DATE('2018/08/15','yyyy/mm/dd'),500,'200107','A010','C00013'); 
INSERT INTO deliveries (DEL_NUM, DEL_DATE ,DEL_COST , MYORD_NUM ,AGENT_CODE ,CUST_CODE) VALUES ('D00114',TO_DATE('2008/01/10','yyyy/mm/dd'),9000,'200128','A010','C00004'); 
INSERT INTO deliveries (DEL_NUM, DEL_DATE ,DEL_COST , MYORD_NUM ,AGENT_CODE ,CUST_CODE) VALUES ('D00108',TO_DATE('2019/01/15','yyyy/mm/dd'),2500,'200132','A008','C00009'); 
INSERT INTO deliveries (DEL_NUM, DEL_DATE ,DEL_COST , MYORD_NUM ,AGENT_CODE ,CUST_CODE) VALUES ('D03330',TO_DATE('2011/08/15','yyyy/mm/dd'),500,'200107','A010','C00013'); 
INSERT INTO deliveries (DEL_NUM, DEL_DATE ,DEL_COST , MYORD_NUM ,AGENT_CODE ,CUST_CODE) VALUES ('D05514',TO_DATE('2008/01/10','yyyy/mm/dd'),9120,'200128','A010','C00004'); 
INSERT INTO deliveries (DEL_NUM, DEL_DATE ,DEL_COST , MYORD_NUM ,AGENT_CODE ,CUST_CODE) VALUES ('D00158',TO_DATE('2009/01/15','yyyy/mm/dd'),2510,'200132','A005','C00009'); 
INSERT INTO deliveries (DEL_NUM, DEL_DATE ,DEL_COST , MYORD_NUM ,AGENT_CODE ,CUST_CODE) VALUES ('D33313',TO_DATE('2018/01/15','yyyy/mm/dd'),5010,'200107','A010','C00009'); 
INSERT INTO deliveries (DEL_NUM, DEL_DATE ,DEL_COST , MYORD_NUM ,AGENT_CODE ,CUST_CODE) VALUES ('D00054',TO_DATE('2011/11/10','yyyy/mm/dd'),9100,'200128','A002','C00004'); 
INSERT INTO deliveries (DEL_NUM, DEL_DATE ,DEL_COST , MYORD_NUM ,AGENT_CODE ,CUST_CODE) VALUES ('D00208',TO_DATE('2014/12/15','yyyy/mm/dd'),2550,'200132','A005','C00009'); 
-- --------------------------------------------------------
--DROP TABLE items;
CREATE TABLE items (
  ITEM_ID varchar2(6) NOT NULL,
  ITEM_NAME varchar2(25),
  ITEM_UNIT varchar2(5),
  COMPANY_ID varchar2(6),
  CONSTRAINT items_pk PRIMARY KEY (ITEM_ID),
  CONSTRAINT items_com_fk FOREIGN KEY (COMPANY_ID) REFERENCES AGENTS_COMPANIES (COMPANY_ID)
);

INSERT INTO items (ITEM_ID, ITEM_NAME, ITEM_UNIT, COMPANY_ID) VALUES('1025', 'Keyboard wireless apple', 'RPS', 16);
INSERT INTO items (ITEM_ID, ITEM_NAME, ITEM_UNIT, COMPANY_ID) VALUES('685', 'EARPHONE sd143x', 'TUN', 15);
INSERT INTO items (ITEM_ID, ITEM_NAME, ITEM_UNIT, COMPANY_ID) VALUES('2478', 'Magic Mouse 2', 'IND', 15);
INSERT INTO items (ITEM_ID, ITEM_NAME, ITEM_UNIT, COMPANY_ID) VALUES('3014', 'Laptop 13', 'IRI', 17);
INSERT INTO items (ITEM_ID, ITEM_NAME, ITEM_UNIT, COMPANY_ID) VALUES('43650', 'iphone XR', 'KRP', 15);
INSERT INTO items (ITEM_ID, ITEM_NAME, ITEM_UNIT, COMPANY_ID) VALUES('5555', 'SOAFA feemia', 'PRR', 18);
INSERT INTO items (ITEM_ID, ITEM_NAME, ITEM_UNIT, COMPANY_ID) VALUES('7147', 'BoomBOX', 'ZUZ',null);

-- --------------------------------------------------------
-- DROP TABLE my_stock;

CREATE TABLE  my_stock (
  stock_code varchar2(6) NOT NULL,
  ITEM_ID varchar2(6) NOT NULL,
  ITEM_supplier varchar2(25) NOT NULL,
  ITEM_available number(10) NOT NULL,
 CONSTRAINT my_stock_pk PRIMARY KEY (stock_code),
 CONSTRAINT my_stock_item_fk FOREIGN KEY(ITEM_ID) REFERENCES items (ITEM_ID)
); 


INSERT INTO my_stock (stock_code, ITEM_ID, ITEM_supplier, ITEM_available) VALUES ('S101', '1025', 'SUP_DMER6453',2523);
INSERT INTO my_stock (stock_code, ITEM_ID, ITEM_supplier, ITEM_available) VALUES ('S003', '3014', 'SUP_DMER0125', 1257);
INSERT INTO my_stock (stock_code, ITEM_ID, ITEM_supplier, ITEM_available) VALUES ('S102', '43650', 'SUP_DMER4785',10);
INSERT INTO my_stock (stock_code, ITEM_ID, ITEM_supplier, ITEM_available) VALUES ('S005', '1025', 'SUP_DMER6453',2523);
INSERT INTO my_stock (stock_code, ITEM_ID, ITEM_supplier, ITEM_available) VALUES ('S406', '3014', 'SUP_DMER0125', 127);
INSERT INTO my_stock (stock_code, ITEM_ID, ITEM_supplier, ITEM_available) VALUES ('S082', '43650', 'SUP_DMER4785',100);
INSERT INTO my_stock (stock_code, ITEM_ID, ITEM_supplier, ITEM_available) VALUES ('S021', '1025', 'SUP_DMER6453',21);
INSERT INTO my_stock (stock_code, ITEM_ID, ITEM_supplier, ITEM_available) VALUES ('S308', '3014', 'SUP_DMER0125', 12);
INSERT INTO my_stock (stock_code, ITEM_ID, ITEM_supplier, ITEM_available) VALUES ('S042', '43650', 'SUP_DMER4785',0);